{
    "XL": {
      "mean": {
        "age": 34.9423167600985,
        "height": 167.66677891424072,
        "weight": 65.57633767456457
      },
      "std": {
        "age": 8.330858348026549,
        "height": 6.582037051269877,
        "weight": 5.412488103414889
      }
    },
    "L": {
      "mean": {
        "age": 34.21788219193705,
        "height": 166.94533629984593,
        "weight": 62.25052595667254
      },
      "std": {
        "age": 8.051217747414945,
        "height": 6.508380201742239,
        "weight": 4.61155855905808
      }
    },
    "M": {
      "mean": {
        "age": 33.451430113329735,
        "height": 165.49508063971925,
        "weight": 58.20769386106623
      },
      "std": {
        "age": 7.7048289812355675,
        "height": 6.293141488887034,
        "weight": 4.217143518728501
      }
    },
    "S": {
      "mean": {
        "age": 32.61788097632325,
        "height": 163.763811831398,
        "weight": 54.10559204524722
      },
      "std": {
        "age": 7.465663917081823,
        "height": 6.212918929337912,
        "weight": 4.073407039865951
      }
    },
    "XXS": {
      "mean": {
        "age": 31.613535800482705,
        "height": 161.32377795688092,
        "weight": 50.545162585307104
      },
      "std": {
        "age": 7.092893903656444,
        "height": 5.658672204327783,
        "weight": 3.839663637090061
      }
    },
    "XXXL": {
      "mean": {
        "age": 36.4176597541522,
        "height": 167.83756747875884,
        "weight": 75.93735661781919
      },
      "std": {
        "age": 9.028235249015381,
        "height": 6.989155592387465,
        "weight": 10.549230840879396
      }
    },
    "XXL": {
      "mean": {
        "age": 36.30434782608695,
        "height": 160.388115942029,
        "weight": 66.3768115942029
      },
      "std": {
        "age": 9.954756988534038,
        "height": 7.068046005743096,
        "weight": 5.102195171386768
      }
    }
  }
  